gate_mode,sampling_fps,n,avg_wall_ms,p50_wall_ms,p99_wall_ms,p50_clip_ms,p50_offload_ms,p50_xfer_gate_ms,p50_gate_comp_ms,p50_mamba_ms,p50_trans_ms,sustainable_fps_est
cpu,64,10,1030.6534968316555,1003.8190959021449,1446.4247315749526,14.675266109406948,0.3205547109246254,0.0,987.4159824103117,940.527037717402,46.7830803245306,0.9961954340998936
gpu,64,10,1002.9867330566049,91.24627895653248,4756.173082794994,15.674575231969357,0.0,0.0,77.86672469228506,62.727165408432484,9.080945514142513,10.959351016126103
