gate_mode,sampling_fps,n,avg_wall_ms,p50_wall_ms,p99_wall_ms,p50_clip_ms,p50_offload_ms,p50_xfer_gate_ms,p50_gate_comp_ms,p50_mamba_ms,p50_trans_ms,sustainable_fps_est
cpu,64,10,395.9639338776469,396.243785507977,407.1949199773371,15.062931925058365,0.3849659115076065,0.0,377.7561401948333,298.96268155425787,78.39223183691502,2.5236988858210583
gpu,64,10,34.29928198456764,34.32591538876295,39.38802648335695,17.772061750292778,0.0,0.0,16.457130201160908,7.002653554081917,7.560473866760731,29.132507863937793
