gate_mode,sampling_fps,n,avg_wall_ms,p50_wall_ms,p99_wall_ms,p50_clip_ms,p50_offload_ms,p50_xfer_gate_ms,p50_gate_comp_ms,p50_mamba_ms,p50_trans_ms,sustainable_fps_est
gpu,1,20,460.20531225949526,65.04933908581734,4109.917773287743,7.515545003116131,0.0,0.0,57.032388634979725,49.173870123922825,4.296724684536457,15.372946352010352
gpu,32,20,47.84847013652325,48.932421021163464,63.75641357153654,7.533404976129532,0.0,0.0,40.927582420408726,33.994393423199654,4.222501069307327,20.436348317355808
gpu,64,20,47.911482118070126,48.969496972858906,63.76012550666928,7.559632882475853,0.0,0.0,40.90183973312378,33.97008031606674,4.23816405236721,20.42087547997981
gpu,128,20,47.90919693186879,48.82084205746651,64.27023304626346,7.500512525439262,0.0,0.0,40.84751941263676,33.99420436471701,4.2157527059316635,20.483055143188853
gpu,256,20,47.952405735850334,49.07869268208742,63.709051720798016,7.554488256573677,0.0,0.0,41.004737839102745,34.05902907252312,4.231336526572704,20.37544085531391
